<?xml version="1.0" encoding="UTF-8"?>
<project-private xmlns="http://www.netbeans.org/ns/project-private/1">
    <editor-bookmarks xmlns="http://www.netbeans.org/ns/editor-bookmarks/2" lastBookmarkId="1">
        <file>
            <url>src/LPersonaje.java</url>
            <bookmark id="1">
                <name/>
                <line>22</line>
                <key/>
            </bookmark>
        </file>
    </editor-bookmarks>
    <open-files xmlns="http://www.netbeans.org/ns/projectui-open-files/2">
        <group>
            <file>file:/C:/Users/juan1/OneDrive/Documentos/NetBeansProjects/POO_Juego/src/PCanvas.java</file>
            <file>file:/C:/Users/juan1/OneDrive/Documentos/NetBeansProjects/POO_Juego/src/Cronometro.java</file>
            <file>file:/C:/Users/juan1/OneDrive/Documentos/NetBeansProjects/POO_Juego/src/F_Ventana.java</file>
            <file>file:/C:/Users/juan1/OneDrive/Documentos/NetBeansProjects/POO_Juego/src/LPersonaje.java</file>
            <file>file:/C:/Users/juan1/OneDrive/Documentos/NetBeansProjects/POO_Juego/src/LPersonaje3.java</file>
            <file>file:/C:/Users/juan1/OneDrive/Documentos/NetBeansProjects/POO_Juego/src/LPersonaje2.java</file>
            <file>file:/C:/Users/juan1/OneDrive/Documentos/NetBeansProjects/POO_Juego/src/LJugador.java</file>
        </group>
    </open-files>
</project-private>
